mood,mood_description,recipe_title,ingredients,instructions,why_it_matches_mood
happy,"Feeling joyful, upbeat, and wanting something fun or bright.",Citrus Burst Salad,"oats, quinoa, chicken breast, milk, butter, carrot",Combine ingredients in a bowl and stir until evenly coated.,Bright flavors enhance positive emotions.
happy,"Feeling joyful, upbeat, and wanting something fun or bright.",Citrus Burst Salad,"berries, onion, chicken breast, honey, ginger, tomato, olive oil",Combine ingredients in a bowl and stir until evenly coated.,Bright flavors enhance positive emotions.
happy,"Feeling joyful, upbeat, and wanting something fun or bright.",Peach Sunrise Smoothie,"honey, garlic, tomato, rice","Boil the base ingredient, add seasonings, and cook until done.",Bright flavors enhance positive emotions.
happy,"Feeling joyful, upbeat, and wanting something fun or bright.",Lemon Herb Pasta,"garlic, rice, berries, carrot","Chop ingredients, heat a pan, and cook until flavors blend well.",Bright flavors enhance positive emotions.
happy,"Feeling joyful, upbeat, and wanting something fun or bright.",Lemon Herb Pasta,"olive oil, garlic, banana, quinoa, rice, onion",Mix everything in a pot and simmer until tender and aromatic.,Bright flavors enhance positive emotions.
happy,"Feeling joyful, upbeat, and wanting something fun or bright.",Peach Sunrise Smoothie,"olive oil, milk, butter, quinoa, carrot",Blend all components until smooth and serve fresh.,Bright flavors enhance positive emotions.
happy,"Feeling joyful, upbeat, and wanting something fun or bright.",Bright Berry Yogurt Bowl,"chicken breast, milk, spinach, spices","Boil the base ingredient, add seasonings, and cook until done.",Bright flavors enhance positive emotions.
happy,"Feeling joyful, upbeat, and wanting something fun or bright.",Peach Sunrise Smoothie,"butter, onion, ginger, quinoa, honey, milk","Chop ingredients, heat a pan, and cook until flavors blend well.",Bright flavors enhance positive emotions.
happy,"Feeling joyful, upbeat, and wanting something fun or bright.",Citrus Burst Salad,"carrot, tomato, banana, berries, garlic","Chop ingredients, heat a pan, and cook until flavors blend well.",Bright flavors enhance positive emotions.
happy,"Feeling joyful, upbeat, and wanting something fun or bright.",Peach Sunrise Smoothie,"spinach, banana, quinoa, olive oil, lemon, ginger, butter",Mix everything in a pot and simmer until tender and aromatic.,Bright flavors enhance positive emotions.
happy,"Feeling joyful, upbeat, and wanting something fun or bright.",Bright Berry Yogurt Bowl,"quinoa, herbs, milk, banana",Mix everything in a pot and simmer until tender and aromatic.,Bright flavors enhance positive emotions.
happy,"Feeling joyful, upbeat, and wanting something fun or bright.",Bright Berry Yogurt Bowl,"garlic, pasta, lemon, butter, spices",Combine ingredients in a bowl and stir until evenly coated.,Bright flavors enhance positive emotions.
happy,"Feeling joyful, upbeat, and wanting something fun or bright.",Lemon Herb Pasta,"broth, herbs, berries, olive oil, garlic",Mix everything in a pot and simmer until tender and aromatic.,Bright flavors enhance positive emotions.
happy,"Feeling joyful, upbeat, and wanting something fun or bright.",Honey-Glazed Chicken Bites,"banana, onion, berries, herbs",Blend all components until smooth and serve fresh.,Bright flavors enhance positive emotions.
happy,"Feeling joyful, upbeat, and wanting something fun or bright.",Citrus Burst Salad,"quinoa, oats, tomato, garlic, spices, honey",Combine ingredients in a bowl and stir until evenly coated.,Bright flavors enhance positive emotions.
happy,"Feeling joyful, upbeat, and wanting something fun or bright.",Citrus Burst Salad,"olive oil, spinach, spices, herbs, berries, butter",Mix everything in a pot and simmer until tender and aromatic.,Bright flavors enhance positive emotions.
happy,"Feeling joyful, upbeat, and wanting something fun or bright.",Citrus Burst Salad,"spinach, rice, banana, milk, quinoa","Boil the base ingredient, add seasonings, and cook until done.",Bright flavors enhance positive emotions.
happy,"Feeling joyful, upbeat, and wanting something fun or bright.",Citrus Burst Salad,"oats, ginger, honey, banana, butter, spinach, lemon",Blend all components until smooth and serve fresh.,Bright flavors enhance positive emotions.
happy,"Feeling joyful, upbeat, and wanting something fun or bright.",Bright Berry Yogurt Bowl,"spices, garlic, lemon, onion, herbs, pasta",Combine ingredients in a bowl and stir until evenly coated.,Bright flavors enhance positive emotions.
happy,"Feeling joyful, upbeat, and wanting something fun or bright.",Peach Sunrise Smoothie,"milk, broth, oats, chicken breast, butter, olive oil",Mix everything in a pot and simmer until tender and aromatic.,Bright flavors enhance positive emotions.
happy,"Feeling joyful, upbeat, and wanting something fun or bright.",Peach Sunrise Smoothie,"garlic, spices, butter, rice","Chop ingredients, heat a pan, and cook until flavors blend well.",Bright flavors enhance positive emotions.
happy,"Feeling joyful, upbeat, and wanting something fun or bright.",Bright Berry Yogurt Bowl,"lemon, olive oil, spinach, herbs, berries","Chop ingredients, heat a pan, and cook until flavors blend well.",Bright flavors enhance positive emotions.
happy,"Feeling joyful, upbeat, and wanting something fun or bright.",Peach Sunrise Smoothie,"quinoa, spices, ginger, rice, olive oil, onion",Mix everything in a pot and simmer until tender and aromatic.,Bright flavors enhance positive emotions.
happy,"Feeling joyful, upbeat, and wanting something fun or bright.",Peach Sunrise Smoothie,"broth, pasta, milk, spinach, herbs, chicken breast, ginger",Combine ingredients in a bowl and stir until evenly coated.,Bright flavors enhance positive emotions.
happy,"Feeling joyful, upbeat, and wanting something fun or bright.",Peach Sunrise Smoothie,"lemon, rice, spinach, carrot, ginger","Chop ingredients, heat a pan, and cook until flavors blend well.",Bright flavors enhance positive emotions.
happy,"Feeling joyful, upbeat, and wanting something fun or bright.",Honey-Glazed Chicken Bites,"tomato, pasta, butter, spices, olive oil",Blend all components until smooth and serve fresh.,Bright flavors enhance positive emotions.
happy,"Feeling joyful, upbeat, and wanting something fun or bright.",Bright Berry Yogurt Bowl,"herbs, ginger, oats, olive oil, rice",Combine ingredients in a bowl and stir until evenly coated.,Bright flavors enhance positive emotions.
happy,"Feeling joyful, upbeat, and wanting something fun or bright.",Peach Sunrise Smoothie,"quinoa, milk, honey, carrot, ginger","Boil the base ingredient, add seasonings, and cook until done.",Bright flavors enhance positive emotions.
happy,"Feeling joyful, upbeat, and wanting something fun or bright.",Citrus Burst Salad,"lemon, garlic, spices, honey, herbs","Chop ingredients, heat a pan, and cook until flavors blend well.",Bright flavors enhance positive emotions.
happy,"Feeling joyful, upbeat, and wanting something fun or bright.",Peach Sunrise Smoothie,"rice, lemon, chicken breast, olive oil, tomato",Combine ingredients in a bowl and stir until evenly coated.,Bright flavors enhance positive emotions.
happy,"Feeling joyful, upbeat, and wanting something fun or bright.",Honey-Glazed Chicken Bites,"spices, tomato, lemon, spinach",Blend all components until smooth and serve fresh.,Bright flavors enhance positive emotions.
happy,"Feeling joyful, upbeat, and wanting something fun or bright.",Lemon Herb Pasta,"olive oil, herbs, butter, spinach, broth",Blend all components until smooth and serve fresh.,Bright flavors enhance positive emotions.
happy,"Feeling joyful, upbeat, and wanting something fun or bright.",Lemon Herb Pasta,"pasta, herbs, tomato, garlic","Chop ingredients, heat a pan, and cook until flavors blend well.",Bright flavors enhance positive emotions.
happy,"Feeling joyful, upbeat, and wanting something fun or bright.",Citrus Burst Salad,"oats, spinach, rice, herbs, carrot",Combine ingredients in a bowl and stir until evenly coated.,Bright flavors enhance positive emotions.
happy,"Feeling joyful, upbeat, and wanting something fun or bright.",Bright Berry Yogurt Bowl,"honey, carrot, onion, berries, garlic, olive oil, butter",Blend all components until smooth and serve fresh.,Bright flavors enhance positive emotions.
happy,"Feeling joyful, upbeat, and wanting something fun or bright.",Peach Sunrise Smoothie,"herbs, olive oil, garlic, banana",Mix everything in a pot and simmer until tender and aromatic.,Bright flavors enhance positive emotions.
happy,"Feeling joyful, upbeat, and wanting something fun or bright.",Lemon Herb Pasta,"butter, onion, banana, tomato, herbs","Chop ingredients, heat a pan, and cook until flavors blend well.",Bright flavors enhance positive emotions.
happy,"Feeling joyful, upbeat, and wanting something fun or bright.",Honey-Glazed Chicken Bites,"herbs, banana, garlic, rice",Blend all components until smooth and serve fresh.,Bright flavors enhance positive emotions.
happy,"Feeling joyful, upbeat, and wanting something fun or bright.",Peach Sunrise Smoothie,"berries, rice, ginger, banana, carrot",Combine ingredients in a bowl and stir until evenly coated.,Bright flavors enhance positive emotions.
happy,"Feeling joyful, upbeat, and wanting something fun or bright.",Peach Sunrise Smoothie,"banana, honey, berries, garlic, rice, quinoa, herbs",Combine ingredients in a bowl and stir until evenly coated.,Bright flavors enhance positive emotions.
sad,"Feeling low, emotionally drained, needing warmth or ease.",Warm Tomato Basil Soup,"tomato, rice, pasta, oats, garlic, herbs, broth",Mix everything in a pot and simmer until tender and aromatic.,"Warm, soft meals offer emotional reassurance."
sad,"Feeling low, emotionally drained, needing warmth or ease.",Slow-Cooked Lentil Stew,"herbs, ginger, milk, carrot, quinoa, rice, spinach",Mix everything in a pot and simmer until tender and aromatic.,"Warm, soft meals offer emotional reassurance."
sad,"Feeling low, emotionally drained, needing warmth or ease.",Soft Banana Cinnamon Toast,"herbs, quinoa, berries, honey, rice","Boil the base ingredient, add seasonings, and cook until done.","Warm, soft meals offer emotional reassurance."
sad,"Feeling low, emotionally drained, needing warmth or ease.",Slow-Cooked Lentil Stew,"carrot, honey, spinach, lemon, oats, olive oil, rice","Chop ingredients, heat a pan, and cook until flavors blend well.","Warm, soft meals offer emotional reassurance."
sad,"Feeling low, emotionally drained, needing warmth or ease.",Garlic Butter Mashed Potatoes,"ginger, pasta, broth, berries, olive oil, tomato",Combine ingredients in a bowl and stir until evenly coated.,"Warm, soft meals offer emotional reassurance."
sad,"Feeling low, emotionally drained, needing warmth or ease.",Slow-Cooked Lentil Stew,"honey, butter, carrot, milk, chicken breast, lemon","Chop ingredients, heat a pan, and cook until flavors blend well.","Warm, soft meals offer emotional reassurance."
sad,"Feeling low, emotionally drained, needing warmth or ease.",Garlic Butter Mashed Potatoes,"carrot, honey, onion, pasta, tomato, banana","Chop ingredients, heat a pan, and cook until flavors blend well.","Warm, soft meals offer emotional reassurance."
sad,"Feeling low, emotionally drained, needing warmth or ease.",Soft Banana Cinnamon Toast,"pasta, butter, banana, ginger","Boil the base ingredient, add seasonings, and cook until done.","Warm, soft meals offer emotional reassurance."
sad,"Feeling low, emotionally drained, needing warmth or ease.",Creamy Oat Porridge,"oats, garlic, chicken breast, berries, herbs",Blend all components until smooth and serve fresh.,"Warm, soft meals offer emotional reassurance."
sad,"Feeling low, emotionally drained, needing warmth or ease.",Slow-Cooked Lentil Stew,"banana, onion, broth, chicken breast, rice",Mix everything in a pot and simmer until tender and aromatic.,"Warm, soft meals offer emotional reassurance."
sad,"Feeling low, emotionally drained, needing warmth or ease.",Garlic Butter Mashed Potatoes,"milk, carrot, spinach, tomato, ginger, olive oil","Boil the base ingredient, add seasonings, and cook until done.","Warm, soft meals offer emotional reassurance."
sad,"Feeling low, emotionally drained, needing warmth or ease.",Creamy Oat Porridge,"garlic, berries, onion, pasta, milk, tomato, chicken breast",Mix everything in a pot and simmer until tender and aromatic.,"Warm, soft meals offer emotional reassurance."
sad,"Feeling low, emotionally drained, needing warmth or ease.",Garlic Butter Mashed Potatoes,"rice, lemon, broth, honey, ginger, olive oil, chicken breast","Boil the base ingredient, add seasonings, and cook until done.","Warm, soft meals offer emotional reassurance."
sad,"Feeling low, emotionally drained, needing warmth or ease.",Garlic Butter Mashed Potatoes,"garlic, quinoa, ginger, butter, herbs, honey, milk","Chop ingredients, heat a pan, and cook until flavors blend well.","Warm, soft meals offer emotional reassurance."
sad,"Feeling low, emotionally drained, needing warmth or ease.",Creamy Oat Porridge,"quinoa, oats, onion, broth","Boil the base ingredient, add seasonings, and cook until done.","Warm, soft meals offer emotional reassurance."
sad,"Feeling low, emotionally drained, needing warmth or ease.",Warm Tomato Basil Soup,"oats, olive oil, quinoa, lemon, honey",Combine ingredients in a bowl and stir until evenly coated.,"Warm, soft meals offer emotional reassurance."
sad,"Feeling low, emotionally drained, needing warmth or ease.",Warm Tomato Basil Soup,"chicken breast, olive oil, broth, spices","Chop ingredients, heat a pan, and cook until flavors blend well.","Warm, soft meals offer emotional reassurance."
sad,"Feeling low, emotionally drained, needing warmth or ease.",Slow-Cooked Lentil Stew,"olive oil, pasta, broth, ginger, tomato, berries",Blend all components until smooth and serve fresh.,"Warm, soft meals offer emotional reassurance."
sad,"Feeling low, emotionally drained, needing warmth or ease.",Warm Tomato Basil Soup,"tomato, spices, chicken breast, onion, garlic, pasta",Combine ingredients in a bowl and stir until evenly coated.,"Warm, soft meals offer emotional reassurance."
sad,"Feeling low, emotionally drained, needing warmth or ease.",Soft Banana Cinnamon Toast,"onion, chicken breast, ginger, rice",Combine ingredients in a bowl and stir until evenly coated.,"Warm, soft meals offer emotional reassurance."
sad,"Feeling low, emotionally drained, needing warmth or ease.",Garlic Butter Mashed Potatoes,"chicken breast, banana, quinoa, olive oil, rice, pasta, garlic",Blend all components until smooth and serve fresh.,"Warm, soft meals offer emotional reassurance."
sad,"Feeling low, emotionally drained, needing warmth or ease.",Creamy Oat Porridge,"quinoa, herbs, butter, milk, carrot, spices, honey",Blend all components until smooth and serve fresh.,"Warm, soft meals offer emotional reassurance."
sad,"Feeling low, emotionally drained, needing warmth or ease.",Warm Tomato Basil Soup,"broth, herbs, onion, lemon",Combine ingredients in a bowl and stir until evenly coated.,"Warm, soft meals offer emotional reassurance."
sad,"Feeling low, emotionally drained, needing warmth or ease.",Soft Banana Cinnamon Toast,"onion, banana, olive oil, oats, quinoa, broth","Chop ingredients, heat a pan, and cook until flavors blend well.","Warm, soft meals offer emotional reassurance."
sad,"Feeling low, emotionally drained, needing warmth or ease.",Creamy Oat Porridge,"carrot, pasta, garlic, rice, honey","Chop ingredients, heat a pan, and cook until flavors blend well.","Warm, soft meals offer emotional reassurance."
sad,"Feeling low, emotionally drained, needing warmth or ease.",Warm Tomato Basil Soup,"lemon, spinach, spices, herbs, rice",Combine ingredients in a bowl and stir until evenly coated.,"Warm, soft meals offer emotional reassurance."
sad,"Feeling low, emotionally drained, needing warmth or ease.",Soft Banana Cinnamon Toast,"pasta, ginger, milk, rice","Boil the base ingredient, add seasonings, and cook until done.","Warm, soft meals offer emotional reassurance."
sad,"Feeling low, emotionally drained, needing warmth or ease.",Slow-Cooked Lentil Stew,"butter, lemon, milk, quinoa, oats",Mix everything in a pot and simmer until tender and aromatic.,"Warm, soft meals offer emotional reassurance."
sad,"Feeling low, emotionally drained, needing warmth or ease.",Garlic Butter Mashed Potatoes,"spices, lemon, herbs, rice, oats, milk","Boil the base ingredient, add seasonings, and cook until done.","Warm, soft meals offer emotional reassurance."
sad,"Feeling low, emotionally drained, needing warmth or ease.",Warm Tomato Basil Soup,"milk, broth, lemon, spinach",Mix everything in a pot and simmer until tender and aromatic.,"Warm, soft meals offer emotional reassurance."
sad,"Feeling low, emotionally drained, needing warmth or ease.",Garlic Butter Mashed Potatoes,"ginger, garlic, tomato, spinach, pasta","Chop ingredients, heat a pan, and cook until flavors blend well.","Warm, soft meals offer emotional reassurance."
sad,"Feeling low, emotionally drained, needing warmth or ease.",Creamy Oat Porridge,"onion, honey, spices, broth","Boil the base ingredient, add seasonings, and cook until done.","Warm, soft meals offer emotional reassurance."
sad,"Feeling low, emotionally drained, needing warmth or ease.",Soft Banana Cinnamon Toast,"broth, chicken breast, banana, milk",Mix everything in a pot and simmer until tender and aromatic.,"Warm, soft meals offer emotional reassurance."
sad,"Feeling low, emotionally drained, needing warmth or ease.",Garlic Butter Mashed Potatoes,"herbs, lemon, chicken breast, garlic, onion, honey",Combine ingredients in a bowl and stir until evenly coated.,"Warm, soft meals offer emotional reassurance."
sad,"Feeling low, emotionally drained, needing warmth or ease.",Warm Tomato Basil Soup,"milk, ginger, spinach, pasta, herbs, chicken breast, banana",Combine ingredients in a bowl and stir until evenly coated.,"Warm, soft meals offer emotional reassurance."
sad,"Feeling low, emotionally drained, needing warmth or ease.",Warm Tomato Basil Soup,"tomato, quinoa, onion, spices, herbs, berries",Mix everything in a pot and simmer until tender and aromatic.,"Warm, soft meals offer emotional reassurance."
sad,"Feeling low, emotionally drained, needing warmth or ease.",Garlic Butter Mashed Potatoes,"honey, garlic, quinoa, banana, milk, oats","Chop ingredients, heat a pan, and cook until flavors blend well.","Warm, soft meals offer emotional reassurance."
sad,"Feeling low, emotionally drained, needing warmth or ease.",Warm Tomato Basil Soup,"milk, lemon, olive oil, pasta",Blend all components until smooth and serve fresh.,"Warm, soft meals offer emotional reassurance."
sad,"Feeling low, emotionally drained, needing warmth or ease.",Creamy Oat Porridge,"broth, olive oil, milk, oats, chicken breast, spices, spinach","Boil the base ingredient, add seasonings, and cook until done.","Warm, soft meals offer emotional reassurance."
sad,"Feeling low, emotionally drained, needing warmth or ease.",Warm Tomato Basil Soup,"milk, onion, lemon, pasta, garlic, spices, tomato",Combine ingredients in a bowl and stir until evenly coated.,"Warm, soft meals offer emotional reassurance."
stressed,Feeling overwhelmed and needing something calming.,Ginger Soothe Stir-Fry,"herbs, carrot, tomato, onion","Chop ingredients, heat a pan, and cook until flavors blend well.",Calming herbs reduce tension and help unwind.
stressed,Feeling overwhelmed and needing something calming.,Mint Steam Veg Plate,"garlic, banana, broth, honey","Chop ingredients, heat a pan, and cook until flavors blend well.",Calming herbs reduce tension and help unwind.
stressed,Feeling overwhelmed and needing something calming.,Simple Veggie Broth Noodles,"garlic, broth, chicken breast, pasta",Blend all components until smooth and serve fresh.,Calming herbs reduce tension and help unwind.
stressed,Feeling overwhelmed and needing something calming.,Chamomile Rice Bowl,"oats, rice, garlic, onion, herbs","Chop ingredients, heat a pan, and cook until flavors blend well.",Calming herbs reduce tension and help unwind.
stressed,Feeling overwhelmed and needing something calming.,Mint Steam Veg Plate,"butter, onion, spices, milk, herbs",Blend all components until smooth and serve fresh.,Calming herbs reduce tension and help unwind.
stressed,Feeling overwhelmed and needing something calming.,Simple Veggie Broth Noodles,"lemon, oats, carrot, banana","Boil the base ingredient, add seasonings, and cook until done.",Calming herbs reduce tension and help unwind.
stressed,Feeling overwhelmed and needing something calming.,Warm Apple Oat Crisp,"herbs, onion, milk, garlic, pasta","Boil the base ingredient, add seasonings, and cook until done.",Calming herbs reduce tension and help unwind.
stressed,Feeling overwhelmed and needing something calming.,Chamomile Rice Bowl,"berries, milk, honey, onion, ginger, garlic",Combine ingredients in a bowl and stir until evenly coated.,Calming herbs reduce tension and help unwind.
stressed,Feeling overwhelmed and needing something calming.,Simple Veggie Broth Noodles,"milk, oats, ginger, honey, lemon, banana, rice","Boil the base ingredient, add seasonings, and cook until done.",Calming herbs reduce tension and help unwind.
stressed,Feeling overwhelmed and needing something calming.,Mint Steam Veg Plate,"garlic, quinoa, honey, lemon, berries","Chop ingredients, heat a pan, and cook until flavors blend well.",Calming herbs reduce tension and help unwind.
stressed,Feeling overwhelmed and needing something calming.,Chamomile Rice Bowl,"butter, spinach, lemon, oats",Mix everything in a pot and simmer until tender and aromatic.,Calming herbs reduce tension and help unwind.
stressed,Feeling overwhelmed and needing something calming.,Simple Veggie Broth Noodles,"ginger, carrot, tomato, milk","Boil the base ingredient, add seasonings, and cook until done.",Calming herbs reduce tension and help unwind.
stressed,Feeling overwhelmed and needing something calming.,Warm Apple Oat Crisp,"tomato, olive oil, rice, ginger",Mix everything in a pot and simmer until tender and aromatic.,Calming herbs reduce tension and help unwind.
stressed,Feeling overwhelmed and needing something calming.,Simple Veggie Broth Noodles,"butter, ginger, broth, oats, pasta, quinoa","Boil the base ingredient, add seasonings, and cook until done.",Calming herbs reduce tension and help unwind.
stressed,Feeling overwhelmed and needing something calming.,Ginger Soothe Stir-Fry,"olive oil, honey, berries, oats, herbs, spinach, milk","Chop ingredients, heat a pan, and cook until flavors blend well.",Calming herbs reduce tension and help unwind.
stressed,Feeling overwhelmed and needing something calming.,Warm Apple Oat Crisp,"oats, spinach, honey, quinoa","Chop ingredients, heat a pan, and cook until flavors blend well.",Calming herbs reduce tension and help unwind.
stressed,Feeling overwhelmed and needing something calming.,Simple Veggie Broth Noodles,"ginger, oats, pasta, honey, spices","Boil the base ingredient, add seasonings, and cook until done.",Calming herbs reduce tension and help unwind.
stressed,Feeling overwhelmed and needing something calming.,Chamomile Rice Bowl,"butter, lemon, berries, banana, oats, carrot, honey",Blend all components until smooth and serve fresh.,Calming herbs reduce tension and help unwind.
stressed,Feeling overwhelmed and needing something calming.,Mint Steam Veg Plate,"garlic, tomato, lemon, pasta, butter, oats",Mix everything in a pot and simmer until tender and aromatic.,Calming herbs reduce tension and help unwind.
stressed,Feeling overwhelmed and needing something calming.,Chamomile Rice Bowl,"broth, ginger, berries, banana, carrot, garlic, olive oil",Mix everything in a pot and simmer until tender and aromatic.,Calming herbs reduce tension and help unwind.
stressed,Feeling overwhelmed and needing something calming.,Chamomile Rice Bowl,"tomato, banana, pasta, spices, broth, ginger, herbs",Combine ingredients in a bowl and stir until evenly coated.,Calming herbs reduce tension and help unwind.
stressed,Feeling overwhelmed and needing something calming.,Simple Veggie Broth Noodles,"honey, chicken breast, onion, spices","Chop ingredients, heat a pan, and cook until flavors blend well.",Calming herbs reduce tension and help unwind.
stressed,Feeling overwhelmed and needing something calming.,Warm Apple Oat Crisp,"broth, garlic, butter, rice, pasta",Mix everything in a pot and simmer until tender and aromatic.,Calming herbs reduce tension and help unwind.
stressed,Feeling overwhelmed and needing something calming.,Warm Apple Oat Crisp,"milk, berries, oats, spices, herbs",Combine ingredients in a bowl and stir until evenly coated.,Calming herbs reduce tension and help unwind.
stressed,Feeling overwhelmed and needing something calming.,Ginger Soothe Stir-Fry,"butter, herbs, garlic, carrot, milk, onion, pasta",Blend all components until smooth and serve fresh.,Calming herbs reduce tension and help unwind.
stressed,Feeling overwhelmed and needing something calming.,Ginger Soothe Stir-Fry,"garlic, lemon, olive oil, banana","Chop ingredients, heat a pan, and cook until flavors blend well.",Calming herbs reduce tension and help unwind.
stressed,Feeling overwhelmed and needing something calming.,Simple Veggie Broth Noodles,"tomato, rice, garlic, milk, carrot",Mix everything in a pot and simmer until tender and aromatic.,Calming herbs reduce tension and help unwind.
stressed,Feeling overwhelmed and needing something calming.,Chamomile Rice Bowl,"banana, olive oil, oats, spinach, spices","Chop ingredients, heat a pan, and cook until flavors blend well.",Calming herbs reduce tension and help unwind.
stressed,Feeling overwhelmed and needing something calming.,Mint Steam Veg Plate,"quinoa, chicken breast, rice, pasta, banana",Combine ingredients in a bowl and stir until evenly coated.,Calming herbs reduce tension and help unwind.
stressed,Feeling overwhelmed and needing something calming.,Ginger Soothe Stir-Fry,"ginger, broth, olive oil, honey, tomato",Combine ingredients in a bowl and stir until evenly coated.,Calming herbs reduce tension and help unwind.
stressed,Feeling overwhelmed and needing something calming.,Chamomile Rice Bowl,"olive oil, garlic, milk, quinoa, broth, spices, butter","Boil the base ingredient, add seasonings, and cook until done.",Calming herbs reduce tension and help unwind.
stressed,Feeling overwhelmed and needing something calming.,Ginger Soothe Stir-Fry,"lemon, butter, tomato, broth, chicken breast, pasta, honey",Mix everything in a pot and simmer until tender and aromatic.,Calming herbs reduce tension and help unwind.
stressed,Feeling overwhelmed and needing something calming.,Warm Apple Oat Crisp,"spices, butter, olive oil, onion, banana",Combine ingredients in a bowl and stir until evenly coated.,Calming herbs reduce tension and help unwind.
stressed,Feeling overwhelmed and needing something calming.,Simple Veggie Broth Noodles,"tomato, herbs, lemon, berries, banana",Combine ingredients in a bowl and stir until evenly coated.,Calming herbs reduce tension and help unwind.
stressed,Feeling overwhelmed and needing something calming.,Chamomile Rice Bowl,"spinach, spices, lemon, tomato","Chop ingredients, heat a pan, and cook until flavors blend well.",Calming herbs reduce tension and help unwind.
stressed,Feeling overwhelmed and needing something calming.,Ginger Soothe Stir-Fry,"lemon, pasta, chicken breast, carrot, rice",Blend all components until smooth and serve fresh.,Calming herbs reduce tension and help unwind.
stressed,Feeling overwhelmed and needing something calming.,Chamomile Rice Bowl,"quinoa, broth, berries, olive oil, pasta","Boil the base ingredient, add seasonings, and cook until done.",Calming herbs reduce tension and help unwind.
stressed,Feeling overwhelmed and needing something calming.,Warm Apple Oat Crisp,"garlic, honey, milk, oats",Combine ingredients in a bowl and stir until evenly coated.,Calming herbs reduce tension and help unwind.
stressed,Feeling overwhelmed and needing something calming.,Simple Veggie Broth Noodles,"spices, herbs, pasta, onion",Combine ingredients in a bowl and stir until evenly coated.,Calming herbs reduce tension and help unwind.
stressed,Feeling overwhelmed and needing something calming.,Ginger Soothe Stir-Fry,"spices, oats, honey, tomato",Mix everything in a pot and simmer until tender and aromatic.,Calming herbs reduce tension and help unwind.
angry,Feeling tense and needing grounding flavors.,Hearty Root Veg Bake,"berries, ginger, pasta, butter, olive oil",Combine ingredients in a bowl and stir until evenly coated.,"Earthy, grounding dishes help stabilize emotions."
angry,Feeling tense and needing grounding flavors.,Thyme Infused Stew,"spinach, broth, berries, quinoa","Chop ingredients, heat a pan, and cook until flavors blend well.","Earthy, grounding dishes help stabilize emotions."
angry,Feeling tense and needing grounding flavors.,Savory Herb Chicken,"spinach, oats, quinoa, honey",Combine ingredients in a bowl and stir until evenly coated.,"Earthy, grounding dishes help stabilize emotions."
angry,Feeling tense and needing grounding flavors.,Thyme Infused Stew,"spices, butter, quinoa, oats, honey, onion","Chop ingredients, heat a pan, and cook until flavors blend well.","Earthy, grounding dishes help stabilize emotions."
angry,Feeling tense and needing grounding flavors.,Hearty Root Veg Bake,"spinach, butter, pasta, garlic, banana",Mix everything in a pot and simmer until tender and aromatic.,"Earthy, grounding dishes help stabilize emotions."
angry,Feeling tense and needing grounding flavors.,Thyme Infused Stew,"spinach, onion, tomato, milk",Combine ingredients in a bowl and stir until evenly coated.,"Earthy, grounding dishes help stabilize emotions."
angry,Feeling tense and needing grounding flavors.,Toasted Barley Bowl,"herbs, spices, broth, spinach, rice",Blend all components until smooth and serve fresh.,"Earthy, grounding dishes help stabilize emotions."
angry,Feeling tense and needing grounding flavors.,Thyme Infused Stew,"herbs, carrot, garlic, butter, rice, ginger, onion",Mix everything in a pot and simmer until tender and aromatic.,"Earthy, grounding dishes help stabilize emotions."
angry,Feeling tense and needing grounding flavors.,Savory Herb Chicken,"herbs, carrot, honey, rice","Boil the base ingredient, add seasonings, and cook until done.","Earthy, grounding dishes help stabilize emotions."
angry,Feeling tense and needing grounding flavors.,Thyme Infused Stew,"onion, quinoa, milk, garlic, chicken breast","Chop ingredients, heat a pan, and cook until flavors blend well.","Earthy, grounding dishes help stabilize emotions."
angry,Feeling tense and needing grounding flavors.,Toasted Barley Bowl,"tomato, broth, onion, ginger, banana",Combine ingredients in a bowl and stir until evenly coated.,"Earthy, grounding dishes help stabilize emotions."
angry,Feeling tense and needing grounding flavors.,Toasted Barley Bowl,"chicken breast, pasta, lemon, garlic",Blend all components until smooth and serve fresh.,"Earthy, grounding dishes help stabilize emotions."
angry,Feeling tense and needing grounding flavors.,Hearty Root Veg Bake,"pasta, banana, carrot, herbs, onion, tomato","Boil the base ingredient, add seasonings, and cook until done.","Earthy, grounding dishes help stabilize emotions."
angry,Feeling tense and needing grounding flavors.,Savory Herb Chicken,"berries, tomato, butter, spinach, rice",Combine ingredients in a bowl and stir until evenly coated.,"Earthy, grounding dishes help stabilize emotions."
angry,Feeling tense and needing grounding flavors.,Savory Herb Chicken,"garlic, spinach, butter, tomato, carrot, lemon","Boil the base ingredient, add seasonings, and cook until done.","Earthy, grounding dishes help stabilize emotions."
angry,Feeling tense and needing grounding flavors.,Hearty Root Veg Bake,"spices, lemon, olive oil, rice, onion","Boil the base ingredient, add seasonings, and cook until done.","Earthy, grounding dishes help stabilize emotions."
angry,Feeling tense and needing grounding flavors.,Grounding Mushroom Risotto,"broth, spices, lemon, ginger, tomato, honey, quinoa",Blend all components until smooth and serve fresh.,"Earthy, grounding dishes help stabilize emotions."
angry,Feeling tense and needing grounding flavors.,Toasted Barley Bowl,"olive oil, lemon, onion, berries, oats",Blend all components until smooth and serve fresh.,"Earthy, grounding dishes help stabilize emotions."
angry,Feeling tense and needing grounding flavors.,Savory Herb Chicken,"pasta, broth, quinoa, lemon, herbs, berries",Mix everything in a pot and simmer until tender and aromatic.,"Earthy, grounding dishes help stabilize emotions."
angry,Feeling tense and needing grounding flavors.,Grounding Mushroom Risotto,"banana, herbs, oats, ginger, chicken breast, broth","Boil the base ingredient, add seasonings, and cook until done.","Earthy, grounding dishes help stabilize emotions."
angry,Feeling tense and needing grounding flavors.,Thyme Infused Stew,"butter, banana, pasta, garlic, ginger, herbs, onion",Blend all components until smooth and serve fresh.,"Earthy, grounding dishes help stabilize emotions."
angry,Feeling tense and needing grounding flavors.,Thyme Infused Stew,"garlic, carrot, pasta, ginger, rice, tomato",Combine ingredients in a bowl and stir until evenly coated.,"Earthy, grounding dishes help stabilize emotions."
angry,Feeling tense and needing grounding flavors.,Hearty Root Veg Bake,"carrot, onion, tomato, banana, ginger, lemon, spinach",Blend all components until smooth and serve fresh.,"Earthy, grounding dishes help stabilize emotions."
angry,Feeling tense and needing grounding flavors.,Thyme Infused Stew,"pasta, butter, onion, rice, milk, broth",Blend all components until smooth and serve fresh.,"Earthy, grounding dishes help stabilize emotions."
angry,Feeling tense and needing grounding flavors.,Hearty Root Veg Bake,"lemon, chicken breast, carrot, spinach, broth, banana, garlic",Blend all components until smooth and serve fresh.,"Earthy, grounding dishes help stabilize emotions."
angry,Feeling tense and needing grounding flavors.,Toasted Barley Bowl,"lemon, banana, quinoa, rice, milk, onion, honey","Chop ingredients, heat a pan, and cook until flavors blend well.","Earthy, grounding dishes help stabilize emotions."
angry,Feeling tense and needing grounding flavors.,Hearty Root Veg Bake,"berries, spices, herbs, lemon",Blend all components until smooth and serve fresh.,"Earthy, grounding dishes help stabilize emotions."
angry,Feeling tense and needing grounding flavors.,Thyme Infused Stew,"ginger, berries, garlic, olive oil",Blend all components until smooth and serve fresh.,"Earthy, grounding dishes help stabilize emotions."
angry,Feeling tense and needing grounding flavors.,Hearty Root Veg Bake,"garlic, chicken breast, banana, lemon, quinoa",Blend all components until smooth and serve fresh.,"Earthy, grounding dishes help stabilize emotions."
angry,Feeling tense and needing grounding flavors.,Savory Herb Chicken,"oats, lemon, rice, olive oil",Mix everything in a pot and simmer until tender and aromatic.,"Earthy, grounding dishes help stabilize emotions."
angry,Feeling tense and needing grounding flavors.,Grounding Mushroom Risotto,"lemon, herbs, garlic, spices",Blend all components until smooth and serve fresh.,"Earthy, grounding dishes help stabilize emotions."
angry,Feeling tense and needing grounding flavors.,Hearty Root Veg Bake,"tomato, olive oil, honey, quinoa, butter, berries","Boil the base ingredient, add seasonings, and cook until done.","Earthy, grounding dishes help stabilize emotions."
angry,Feeling tense and needing grounding flavors.,Savory Herb Chicken,"garlic, spinach, herbs, tomato, olive oil, chicken breast, carrot","Chop ingredients, heat a pan, and cook until flavors blend well.","Earthy, grounding dishes help stabilize emotions."
angry,Feeling tense and needing grounding flavors.,Grounding Mushroom Risotto,"ginger, oats, milk, broth, honey, spinach","Chop ingredients, heat a pan, and cook until flavors blend well.","Earthy, grounding dishes help stabilize emotions."
angry,Feeling tense and needing grounding flavors.,Toasted Barley Bowl,"broth, butter, tomato, rice, pasta, spices, banana","Boil the base ingredient, add seasonings, and cook until done.","Earthy, grounding dishes help stabilize emotions."
angry,Feeling tense and needing grounding flavors.,Savory Herb Chicken,"berries, pasta, ginger, lemon, honey, tomato","Boil the base ingredient, add seasonings, and cook until done.","Earthy, grounding dishes help stabilize emotions."
angry,Feeling tense and needing grounding flavors.,Grounding Mushroom Risotto,"banana, spinach, herbs, rice","Boil the base ingredient, add seasonings, and cook until done.","Earthy, grounding dishes help stabilize emotions."
angry,Feeling tense and needing grounding flavors.,Toasted Barley Bowl,"milk, olive oil, garlic, broth, ginger, quinoa",Combine ingredients in a bowl and stir until evenly coated.,"Earthy, grounding dishes help stabilize emotions."
angry,Feeling tense and needing grounding flavors.,Thyme Infused Stew,"ginger, berries, rice, herbs",Blend all components until smooth and serve fresh.,"Earthy, grounding dishes help stabilize emotions."
angry,Feeling tense and needing grounding flavors.,Grounding Mushroom Risotto,"butter, chicken breast, lemon, rice, pasta",Blend all components until smooth and serve fresh.,"Earthy, grounding dishes help stabilize emotions."
tired,Feeling low-energy and needing something simple and restoring.,Simple Buttered Pasta,"butter, olive oil, carrot, honey, broth",Combine ingredients in a bowl and stir until evenly coated.,Simple meals support energy restoration.
tired,Feeling low-energy and needing something simple and restoring.,One-Pan Egg & Veg Skillet,"broth, lemon, rice, olive oil, berries",Combine ingredients in a bowl and stir until evenly coated.,Simple meals support energy restoration.
tired,Feeling low-energy and needing something simple and restoring.,Easy Tuna Wrap,"rice, olive oil, banana, honey, berries",Combine ingredients in a bowl and stir until evenly coated.,Simple meals support energy restoration.
tired,Feeling low-energy and needing something simple and restoring.,Easy Tuna Wrap,"pasta, butter, garlic, milk, honey","Boil the base ingredient, add seasonings, and cook until done.",Simple meals support energy restoration.
tired,Feeling low-energy and needing something simple and restoring.,Easy Tuna Wrap,"spices, berries, olive oil, quinoa, garlic, milk, ginger","Chop ingredients, heat a pan, and cook until flavors blend well.",Simple meals support energy restoration.
tired,Feeling low-energy and needing something simple and restoring.,Quick Garlic Rice Bowl,"onion, garlic, spices, ginger, butter",Mix everything in a pot and simmer until tender and aromatic.,Simple meals support energy restoration.
tired,Feeling low-energy and needing something simple and restoring.,Easy Tuna Wrap,"onion, quinoa, garlic, lemon, butter, oats, berries",Mix everything in a pot and simmer until tender and aromatic.,Simple meals support energy restoration.
tired,Feeling low-energy and needing something simple and restoring.,Simple Buttered Pasta,"rice, spinach, butter, chicken breast","Boil the base ingredient, add seasonings, and cook until done.",Simple meals support energy restoration.
tired,Feeling low-energy and needing something simple and restoring.,One-Pan Egg & Veg Skillet,"ginger, banana, oats, herbs","Chop ingredients, heat a pan, and cook until flavors blend well.",Simple meals support energy restoration.
tired,Feeling low-energy and needing something simple and restoring.,Simple Buttered Pasta,"herbs, chicken breast, lemon, rice, berries, onion",Combine ingredients in a bowl and stir until evenly coated.,Simple meals support energy restoration.
tired,Feeling low-energy and needing something simple and restoring.,Instant Veg Omelette,"olive oil, berries, milk, chicken breast, quinoa, oats",Mix everything in a pot and simmer until tender and aromatic.,Simple meals support energy restoration.
tired,Feeling low-energy and needing something simple and restoring.,Quick Garlic Rice Bowl,"carrot, honey, tomato, ginger","Chop ingredients, heat a pan, and cook until flavors blend well.",Simple meals support energy restoration.
tired,Feeling low-energy and needing something simple and restoring.,One-Pan Egg & Veg Skillet,"spices, broth, ginger, berries, olive oil","Boil the base ingredient, add seasonings, and cook until done.",Simple meals support energy restoration.
tired,Feeling low-energy and needing something simple and restoring.,Easy Tuna Wrap,"quinoa, spinach, honey, tomato","Boil the base ingredient, add seasonings, and cook until done.",Simple meals support energy restoration.
tired,Feeling low-energy and needing something simple and restoring.,Simple Buttered Pasta,"honey, rice, lemon, ginger, broth",Blend all components until smooth and serve fresh.,Simple meals support energy restoration.
tired,Feeling low-energy and needing something simple and restoring.,One-Pan Egg & Veg Skillet,"garlic, milk, quinoa, chicken breast","Boil the base ingredient, add seasonings, and cook until done.",Simple meals support energy restoration.
tired,Feeling low-energy and needing something simple and restoring.,Simple Buttered Pasta,"spices, tomato, butter, herbs, chicken breast, honey",Blend all components until smooth and serve fresh.,Simple meals support energy restoration.
tired,Feeling low-energy and needing something simple and restoring.,Instant Veg Omelette,"pasta, herbs, spices, ginger","Chop ingredients, heat a pan, and cook until flavors blend well.",Simple meals support energy restoration.
tired,Feeling low-energy and needing something simple and restoring.,Quick Garlic Rice Bowl,"oats, quinoa, broth, spices",Mix everything in a pot and simmer until tender and aromatic.,Simple meals support energy restoration.
tired,Feeling low-energy and needing something simple and restoring.,Instant Veg Omelette,"banana, berries, spinach, honey, tomato, broth",Blend all components until smooth and serve fresh.,Simple meals support energy restoration.
tired,Feeling low-energy and needing something simple and restoring.,Easy Tuna Wrap,"banana, herbs, chicken breast, butter","Chop ingredients, heat a pan, and cook until flavors blend well.",Simple meals support energy restoration.
tired,Feeling low-energy and needing something simple and restoring.,Simple Buttered Pasta,"broth, banana, ginger, herbs, tomato, onion",Combine ingredients in a bowl and stir until evenly coated.,Simple meals support energy restoration.
tired,Feeling low-energy and needing something simple and restoring.,One-Pan Egg & Veg Skillet,"garlic, rice, oats, ginger",Combine ingredients in a bowl and stir until evenly coated.,Simple meals support energy restoration.
tired,Feeling low-energy and needing something simple and restoring.,Quick Garlic Rice Bowl,"lemon, ginger, milk, olive oil",Combine ingredients in a bowl and stir until evenly coated.,Simple meals support energy restoration.
tired,Feeling low-energy and needing something simple and restoring.,Quick Garlic Rice Bowl,"herbs, tomato, chicken breast, spinach, quinoa",Combine ingredients in a bowl and stir until evenly coated.,Simple meals support energy restoration.
tired,Feeling low-energy and needing something simple and restoring.,Easy Tuna Wrap,"honey, butter, milk, rice, broth, garlic, chicken breast","Chop ingredients, heat a pan, and cook until flavors blend well.",Simple meals support energy restoration.
tired,Feeling low-energy and needing something simple and restoring.,Instant Veg Omelette,"quinoa, carrot, olive oil, banana, honey, onion, herbs","Chop ingredients, heat a pan, and cook until flavors blend well.",Simple meals support energy restoration.
tired,Feeling low-energy and needing something simple and restoring.,Easy Tuna Wrap,"butter, onion, chicken breast, olive oil, tomato, oats, spinach",Mix everything in a pot and simmer until tender and aromatic.,Simple meals support energy restoration.
tired,Feeling low-energy and needing something simple and restoring.,One-Pan Egg & Veg Skillet,"chicken breast, honey, banana, onion, berries, lemon","Chop ingredients, heat a pan, and cook until flavors blend well.",Simple meals support energy restoration.
tired,Feeling low-energy and needing something simple and restoring.,Instant Veg Omelette,"ginger, oats, onion, banana, milk, spinach",Mix everything in a pot and simmer until tender and aromatic.,Simple meals support energy restoration.
tired,Feeling low-energy and needing something simple and restoring.,Quick Garlic Rice Bowl,"pasta, chicken breast, tomato, quinoa, banana","Boil the base ingredient, add seasonings, and cook until done.",Simple meals support energy restoration.
tired,Feeling low-energy and needing something simple and restoring.,One-Pan Egg & Veg Skillet,"oats, spinach, carrot, berries","Chop ingredients, heat a pan, and cook until flavors blend well.",Simple meals support energy restoration.
tired,Feeling low-energy and needing something simple and restoring.,One-Pan Egg & Veg Skillet,"butter, chicken breast, onion, quinoa, pasta, carrot, garlic",Combine ingredients in a bowl and stir until evenly coated.,Simple meals support energy restoration.
tired,Feeling low-energy and needing something simple and restoring.,One-Pan Egg & Veg Skillet,"rice, ginger, broth, pasta, milk, quinoa",Combine ingredients in a bowl and stir until evenly coated.,Simple meals support energy restoration.
tired,Feeling low-energy and needing something simple and restoring.,Instant Veg Omelette,"chicken breast, spices, rice, lemon, onion, milk",Blend all components until smooth and serve fresh.,Simple meals support energy restoration.
tired,Feeling low-energy and needing something simple and restoring.,Simple Buttered Pasta,"berries, banana, carrot, pasta","Chop ingredients, heat a pan, and cook until flavors blend well.",Simple meals support energy restoration.
tired,Feeling low-energy and needing something simple and restoring.,Simple Buttered Pasta,"banana, spices, quinoa, ginger, carrot, broth, honey",Blend all components until smooth and serve fresh.,Simple meals support energy restoration.
tired,Feeling low-energy and needing something simple and restoring.,Simple Buttered Pasta,"butter, olive oil, garlic, spinach",Combine ingredients in a bowl and stir until evenly coated.,Simple meals support energy restoration.
tired,Feeling low-energy and needing something simple and restoring.,Instant Veg Omelette,"butter, pasta, lemon, olive oil","Boil the base ingredient, add seasonings, and cook until done.",Simple meals support energy restoration.
tired,Feeling low-energy and needing something simple and restoring.,Simple Buttered Pasta,"oats, spinach, milk, olive oil","Boil the base ingredient, add seasonings, and cook until done.",Simple meals support energy restoration.
energetic,Feeling pumped and wanting something vibrant.,Protein Power Wrap,"quinoa, olive oil, chicken breast, pasta",Blend all components until smooth and serve fresh.,Lively foods match high energy and momentum.
energetic,Feeling pumped and wanting something vibrant.,Green Energy Smoothie,"butter, lemon, rice, broth","Chop ingredients, heat a pan, and cook until flavors blend well.",Lively foods match high energy and momentum.
energetic,Feeling pumped and wanting something vibrant.,Spicy Lime Quinoa,"pasta, broth, quinoa, milk","Chop ingredients, heat a pan, and cook until flavors blend well.",Lively foods match high energy and momentum.
energetic,Feeling pumped and wanting something vibrant.,Protein Power Wrap,"onion, chicken breast, tomato, lemon, broth","Boil the base ingredient, add seasonings, and cook until done.",Lively foods match high energy and momentum.
energetic,Feeling pumped and wanting something vibrant.,Green Energy Smoothie,"oats, berries, spices, carrot, tomato, butter","Chop ingredients, heat a pan, and cook until flavors blend well.",Lively foods match high energy and momentum.
energetic,Feeling pumped and wanting something vibrant.,Crunchy Trail Mix Bowl,"broth, butter, olive oil, berries",Combine ingredients in a bowl and stir until evenly coated.,Lively foods match high energy and momentum.
energetic,Feeling pumped and wanting something vibrant.,Protein Power Wrap,"berries, pasta, lemon, banana","Boil the base ingredient, add seasonings, and cook until done.",Lively foods match high energy and momentum.
energetic,Feeling pumped and wanting something vibrant.,Zesty Chicken Tacos,"butter, pasta, spices, milk, quinoa","Chop ingredients, heat a pan, and cook until flavors blend well.",Lively foods match high energy and momentum.
energetic,Feeling pumped and wanting something vibrant.,Protein Power Wrap,"berries, quinoa, butter, tomato","Chop ingredients, heat a pan, and cook until flavors blend well.",Lively foods match high energy and momentum.
energetic,Feeling pumped and wanting something vibrant.,Green Energy Smoothie,"banana, garlic, spinach, tomato, rice, carrot",Mix everything in a pot and simmer until tender and aromatic.,Lively foods match high energy and momentum.
energetic,Feeling pumped and wanting something vibrant.,Zesty Chicken Tacos,"honey, ginger, garlic, herbs","Chop ingredients, heat a pan, and cook until flavors blend well.",Lively foods match high energy and momentum.
energetic,Feeling pumped and wanting something vibrant.,Zesty Chicken Tacos,"spices, carrot, broth, banana, herbs",Blend all components until smooth and serve fresh.,Lively foods match high energy and momentum.
energetic,Feeling pumped and wanting something vibrant.,Green Energy Smoothie,"spinach, quinoa, tomato, garlic, olive oil","Chop ingredients, heat a pan, and cook until flavors blend well.",Lively foods match high energy and momentum.
energetic,Feeling pumped and wanting something vibrant.,Crunchy Trail Mix Bowl,"garlic, tomato, olive oil, herbs",Combine ingredients in a bowl and stir until evenly coated.,Lively foods match high energy and momentum.
energetic,Feeling pumped and wanting something vibrant.,Green Energy Smoothie,"onion, lemon, olive oil, oats, quinoa, chicken breast, berries",Mix everything in a pot and simmer until tender and aromatic.,Lively foods match high energy and momentum.
energetic,Feeling pumped and wanting something vibrant.,Green Energy Smoothie,"lemon, rice, olive oil, butter, chicken breast","Chop ingredients, heat a pan, and cook until flavors blend well.",Lively foods match high energy and momentum.
energetic,Feeling pumped and wanting something vibrant.,Green Energy Smoothie,"chicken breast, herbs, banana, onion, ginger, garlic, honey",Mix everything in a pot and simmer until tender and aromatic.,Lively foods match high energy and momentum.
energetic,Feeling pumped and wanting something vibrant.,Zesty Chicken Tacos,"spices, berries, broth, pasta",Mix everything in a pot and simmer until tender and aromatic.,Lively foods match high energy and momentum.
energetic,Feeling pumped and wanting something vibrant.,Zesty Chicken Tacos,"butter, pasta, chicken breast, onion, lemon, rice, spinach","Chop ingredients, heat a pan, and cook until flavors blend well.",Lively foods match high energy and momentum.
energetic,Feeling pumped and wanting something vibrant.,Green Energy Smoothie,"banana, olive oil, broth, tomato, pasta",Combine ingredients in a bowl and stir until evenly coated.,Lively foods match high energy and momentum.
energetic,Feeling pumped and wanting something vibrant.,Green Energy Smoothie,"lemon, milk, oats, garlic, berries","Boil the base ingredient, add seasonings, and cook until done.",Lively foods match high energy and momentum.
energetic,Feeling pumped and wanting something vibrant.,Protein Power Wrap,"broth, garlic, berries, lemon, milk","Boil the base ingredient, add seasonings, and cook until done.",Lively foods match high energy and momentum.
energetic,Feeling pumped and wanting something vibrant.,Zesty Chicken Tacos,"olive oil, banana, garlic, quinoa, berries, tomato","Chop ingredients, heat a pan, and cook until flavors blend well.",Lively foods match high energy and momentum.
energetic,Feeling pumped and wanting something vibrant.,Spicy Lime Quinoa,"broth, tomato, milk, chicken breast, onion, carrot, banana",Combine ingredients in a bowl and stir until evenly coated.,Lively foods match high energy and momentum.
energetic,Feeling pumped and wanting something vibrant.,Spicy Lime Quinoa,"tomato, spices, quinoa, pasta, milk, carrot, berries","Chop ingredients, heat a pan, and cook until flavors blend well.",Lively foods match high energy and momentum.
energetic,Feeling pumped and wanting something vibrant.,Crunchy Trail Mix Bowl,"milk, carrot, garlic, berries, tomato, broth",Blend all components until smooth and serve fresh.,Lively foods match high energy and momentum.
energetic,Feeling pumped and wanting something vibrant.,Crunchy Trail Mix Bowl,"banana, herbs, quinoa, onion, butter",Blend all components until smooth and serve fresh.,Lively foods match high energy and momentum.
energetic,Feeling pumped and wanting something vibrant.,Crunchy Trail Mix Bowl,"butter, banana, herbs, ginger, olive oil, milk, rice",Combine ingredients in a bowl and stir until evenly coated.,Lively foods match high energy and momentum.
energetic,Feeling pumped and wanting something vibrant.,Protein Power Wrap,"carrot, tomato, oats, spices, rice, broth, banana",Combine ingredients in a bowl and stir until evenly coated.,Lively foods match high energy and momentum.
energetic,Feeling pumped and wanting something vibrant.,Crunchy Trail Mix Bowl,"banana, broth, olive oil, berries, quinoa, carrot, spices","Boil the base ingredient, add seasonings, and cook until done.",Lively foods match high energy and momentum.
energetic,Feeling pumped and wanting something vibrant.,Spicy Lime Quinoa,"quinoa, milk, spinach, rice, ginger, lemon","Chop ingredients, heat a pan, and cook until flavors blend well.",Lively foods match high energy and momentum.
energetic,Feeling pumped and wanting something vibrant.,Spicy Lime Quinoa,"berries, oats, honey, lemon, spices, banana, garlic","Boil the base ingredient, add seasonings, and cook until done.",Lively foods match high energy and momentum.
energetic,Feeling pumped and wanting something vibrant.,Spicy Lime Quinoa,"olive oil, berries, garlic, onion, ginger, rice","Boil the base ingredient, add seasonings, and cook until done.",Lively foods match high energy and momentum.
energetic,Feeling pumped and wanting something vibrant.,Protein Power Wrap,"broth, berries, rice, olive oil, honey","Boil the base ingredient, add seasonings, and cook until done.",Lively foods match high energy and momentum.
energetic,Feeling pumped and wanting something vibrant.,Green Energy Smoothie,"garlic, broth, quinoa, butter, lemon, tomato",Mix everything in a pot and simmer until tender and aromatic.,Lively foods match high energy and momentum.
energetic,Feeling pumped and wanting something vibrant.,Spicy Lime Quinoa,"lemon, quinoa, onion, pasta, banana, honey",Combine ingredients in a bowl and stir until evenly coated.,Lively foods match high energy and momentum.
energetic,Feeling pumped and wanting something vibrant.,Protein Power Wrap,"lemon, herbs, olive oil, tomato","Chop ingredients, heat a pan, and cook until flavors blend well.",Lively foods match high energy and momentum.
energetic,Feeling pumped and wanting something vibrant.,Zesty Chicken Tacos,"berries, banana, garlic, milk, herbs, spices","Chop ingredients, heat a pan, and cook until flavors blend well.",Lively foods match high energy and momentum.
energetic,Feeling pumped and wanting something vibrant.,Crunchy Trail Mix Bowl,"olive oil, quinoa, spinach, butter, broth, chicken breast",Mix everything in a pot and simmer until tender and aromatic.,Lively foods match high energy and momentum.
energetic,Feeling pumped and wanting something vibrant.,Zesty Chicken Tacos,"oats, tomato, banana, rice, carrot, butter",Blend all components until smooth and serve fresh.,Lively foods match high energy and momentum.
lonely,Feeling isolated and needing something home-like.,Cozy Buttered Toast Plate,"berries, garlic, milk, ginger","Boil the base ingredient, add seasonings, and cook until done.",Nostalgic meals provide emotional warmth.
lonely,Feeling isolated and needing something home-like.,Hearty Bean Casserole,"spinach, olive oil, tomato, berries, ginger, onion","Boil the base ingredient, add seasonings, and cook until done.",Nostalgic meals provide emotional warmth.
lonely,Feeling isolated and needing something home-like.,Grandmas Style Rice Pudding,"spices, lemon, carrot, garlic, herbs, onion",Combine ingredients in a bowl and stir until evenly coated.,Nostalgic meals provide emotional warmth.
lonely,Feeling isolated and needing something home-like.,Cozy Buttered Toast Plate,"quinoa, ginger, broth, carrot, chicken breast, tomato, milk","Boil the base ingredient, add seasonings, and cook until done.",Nostalgic meals provide emotional warmth.
lonely,Feeling isolated and needing something home-like.,Cozy Buttered Toast Plate,"carrot, pasta, broth, garlic, spices, onion",Mix everything in a pot and simmer until tender and aromatic.,Nostalgic meals provide emotional warmth.
lonely,Feeling isolated and needing something home-like.,Old-Fashioned Veg Pie,"oats, tomato, spices, rice, carrot, spinach",Mix everything in a pot and simmer until tender and aromatic.,Nostalgic meals provide emotional warmth.
lonely,Feeling isolated and needing something home-like.,Grandmas Style Rice Pudding,"spinach, broth, onion, berries, lemon, pasta","Boil the base ingredient, add seasonings, and cook until done.",Nostalgic meals provide emotional warmth.
lonely,Feeling isolated and needing something home-like.,Cozy Buttered Toast Plate,"garlic, herbs, olive oil, rice",Blend all components until smooth and serve fresh.,Nostalgic meals provide emotional warmth.
lonely,Feeling isolated and needing something home-like.,Hearty Bean Casserole,"quinoa, herbs, broth, onion, tomato, olive oil",Combine ingredients in a bowl and stir until evenly coated.,Nostalgic meals provide emotional warmth.
lonely,Feeling isolated and needing something home-like.,Hearty Bean Casserole,"tomato, oats, chicken breast, banana, ginger, spices",Mix everything in a pot and simmer until tender and aromatic.,Nostalgic meals provide emotional warmth.
lonely,Feeling isolated and needing something home-like.,Cozy Buttered Toast Plate,"spices, tomato, broth, chicken breast, oats, lemon","Chop ingredients, heat a pan, and cook until flavors blend well.",Nostalgic meals provide emotional warmth.
lonely,Feeling isolated and needing something home-like.,Old-Fashioned Veg Pie,"olive oil, banana, tomato, quinoa, butter, pasta, honey",Combine ingredients in a bowl and stir until evenly coated.,Nostalgic meals provide emotional warmth.
lonely,Feeling isolated and needing something home-like.,Cozy Buttered Toast Plate,"quinoa, spices, pasta, onion","Chop ingredients, heat a pan, and cook until flavors blend well.",Nostalgic meals provide emotional warmth.
lonely,Feeling isolated and needing something home-like.,Hearty Bean Casserole,"garlic, herbs, berries, lemon","Chop ingredients, heat a pan, and cook until flavors blend well.",Nostalgic meals provide emotional warmth.
lonely,Feeling isolated and needing something home-like.,Grandmas Style Rice Pudding,"pasta, spices, olive oil, tomato","Boil the base ingredient, add seasonings, and cook until done.",Nostalgic meals provide emotional warmth.
lonely,Feeling isolated and needing something home-like.,Hearty Bean Casserole,"chicken breast, olive oil, garlic, oats",Blend all components until smooth and serve fresh.,Nostalgic meals provide emotional warmth.
lonely,Feeling isolated and needing something home-like.,Hearty Bean Casserole,"herbs, honey, oats, ginger, garlic",Blend all components until smooth and serve fresh.,Nostalgic meals provide emotional warmth.
lonely,Feeling isolated and needing something home-like.,Classic Chicken Noodle Soup,"chicken breast, tomato, rice, garlic, herbs, honey",Blend all components until smooth and serve fresh.,Nostalgic meals provide emotional warmth.
lonely,Feeling isolated and needing something home-like.,Cozy Buttered Toast Plate,"olive oil, honey, spices, herbs, oats, broth","Chop ingredients, heat a pan, and cook until flavors blend well.",Nostalgic meals provide emotional warmth.
lonely,Feeling isolated and needing something home-like.,Cozy Buttered Toast Plate,"broth, banana, chicken breast, quinoa","Chop ingredients, heat a pan, and cook until flavors blend well.",Nostalgic meals provide emotional warmth.
lonely,Feeling isolated and needing something home-like.,Classic Chicken Noodle Soup,"carrot, lemon, berries, butter, herbs, ginger","Chop ingredients, heat a pan, and cook until flavors blend well.",Nostalgic meals provide emotional warmth.
lonely,Feeling isolated and needing something home-like.,Grandmas Style Rice Pudding,"olive oil, berries, spinach, ginger",Blend all components until smooth and serve fresh.,Nostalgic meals provide emotional warmth.
lonely,Feeling isolated and needing something home-like.,Hearty Bean Casserole,"spices, butter, quinoa, broth, ginger, spinach",Blend all components until smooth and serve fresh.,Nostalgic meals provide emotional warmth.
lonely,Feeling isolated and needing something home-like.,Old-Fashioned Veg Pie,"tomato, spices, onion, spinach, herbs",Combine ingredients in a bowl and stir until evenly coated.,Nostalgic meals provide emotional warmth.
lonely,Feeling isolated and needing something home-like.,Cozy Buttered Toast Plate,"tomato, spices, garlic, berries","Boil the base ingredient, add seasonings, and cook until done.",Nostalgic meals provide emotional warmth.
lonely,Feeling isolated and needing something home-like.,Classic Chicken Noodle Soup,"milk, lemon, oats, rice, carrot, banana, pasta","Chop ingredients, heat a pan, and cook until flavors blend well.",Nostalgic meals provide emotional warmth.
lonely,Feeling isolated and needing something home-like.,Classic Chicken Noodle Soup,"berries, spices, olive oil, pasta",Mix everything in a pot and simmer until tender and aromatic.,Nostalgic meals provide emotional warmth.
lonely,Feeling isolated and needing something home-like.,Grandmas Style Rice Pudding,"spices, herbs, tomato, butter, honey",Mix everything in a pot and simmer until tender and aromatic.,Nostalgic meals provide emotional warmth.
lonely,Feeling isolated and needing something home-like.,Cozy Buttered Toast Plate,"onion, quinoa, spinach, lemon, banana",Combine ingredients in a bowl and stir until evenly coated.,Nostalgic meals provide emotional warmth.
lonely,Feeling isolated and needing something home-like.,Grandmas Style Rice Pudding,"rice, berries, broth, chicken breast, milk, spices, oats","Chop ingredients, heat a pan, and cook until flavors blend well.",Nostalgic meals provide emotional warmth.
lonely,Feeling isolated and needing something home-like.,Hearty Bean Casserole,"broth, chicken breast, rice, olive oil",Mix everything in a pot and simmer until tender and aromatic.,Nostalgic meals provide emotional warmth.
lonely,Feeling isolated and needing something home-like.,Classic Chicken Noodle Soup,"milk, butter, lemon, onion, ginger, tomato, herbs",Combine ingredients in a bowl and stir until evenly coated.,Nostalgic meals provide emotional warmth.
lonely,Feeling isolated and needing something home-like.,Hearty Bean Casserole,"chicken breast, herbs, ginger, oats, carrot, rice, garlic","Chop ingredients, heat a pan, and cook until flavors blend well.",Nostalgic meals provide emotional warmth.
lonely,Feeling isolated and needing something home-like.,Cozy Buttered Toast Plate,"quinoa, berries, chicken breast, onion","Boil the base ingredient, add seasonings, and cook until done.",Nostalgic meals provide emotional warmth.
lonely,Feeling isolated and needing something home-like.,Old-Fashioned Veg Pie,"onion, milk, ginger, chicken breast, butter, spinach",Combine ingredients in a bowl and stir until evenly coated.,Nostalgic meals provide emotional warmth.
lonely,Feeling isolated and needing something home-like.,Cozy Buttered Toast Plate,"oats, butter, spices, lemon, onion, chicken breast, tomato",Combine ingredients in a bowl and stir until evenly coated.,Nostalgic meals provide emotional warmth.
lonely,Feeling isolated and needing something home-like.,Classic Chicken Noodle Soup,"olive oil, herbs, chicken breast, oats, lemon",Mix everything in a pot and simmer until tender and aromatic.,Nostalgic meals provide emotional warmth.
lonely,Feeling isolated and needing something home-like.,Old-Fashioned Veg Pie,"broth, honey, pasta, olive oil, oats, spinach",Blend all components until smooth and serve fresh.,Nostalgic meals provide emotional warmth.
lonely,Feeling isolated and needing something home-like.,Hearty Bean Casserole,"rice, ginger, garlic, lemon, spices, oats, honey",Mix everything in a pot and simmer until tender and aromatic.,Nostalgic meals provide emotional warmth.
lonely,Feeling isolated and needing something home-like.,Cozy Buttered Toast Plate,"milk, lemon, spices, spinach, rice","Boil the base ingredient, add seasonings, and cook until done.",Nostalgic meals provide emotional warmth.
relaxed,Feeling calm and wanting something smooth and soothing.,Coconut Smooth Soup,"onion, quinoa, tomato, ginger, olive oil",Combine ingredients in a bowl and stir until evenly coated.,Smooth textures complement a calm state.
relaxed,Feeling calm and wanting something smooth and soothing.,Warm Vanilla Milk Mix,"ginger, milk, honey, lemon, pasta, chicken breast, garlic","Boil the base ingredient, add seasonings, and cook until done.",Smooth textures complement a calm state.
relaxed,Feeling calm and wanting something smooth and soothing.,Creamy Spinach Orzo,"herbs, spinach, garlic, spices",Combine ingredients in a bowl and stir until evenly coated.,Smooth textures complement a calm state.
relaxed,Feeling calm and wanting something smooth and soothing.,Creamy Spinach Orzo,"banana, carrot, broth, chicken breast, berries, lemon, milk",Blend all components until smooth and serve fresh.,Smooth textures complement a calm state.
relaxed,Feeling calm and wanting something smooth and soothing.,Lavender Honey Tea Bowl,"spinach, lemon, garlic, broth, carrot, spices, berries",Mix everything in a pot and simmer until tender and aromatic.,Smooth textures complement a calm state.
relaxed,Feeling calm and wanting something smooth and soothing.,Lavender Honey Tea Bowl,"quinoa, butter, herbs, ginger, milk, berries","Boil the base ingredient, add seasonings, and cook until done.",Smooth textures complement a calm state.
relaxed,Feeling calm and wanting something smooth and soothing.,Coconut Smooth Soup,"herbs, garlic, broth, tomato, spinach",Blend all components until smooth and serve fresh.,Smooth textures complement a calm state.
relaxed,Feeling calm and wanting something smooth and soothing.,Soft Herb Bread Roll,"ginger, butter, chicken breast, milk, garlic",Blend all components until smooth and serve fresh.,Smooth textures complement a calm state.
relaxed,Feeling calm and wanting something smooth and soothing.,Lavender Honey Tea Bowl,"quinoa, spinach, olive oil, banana","Boil the base ingredient, add seasonings, and cook until done.",Smooth textures complement a calm state.
relaxed,Feeling calm and wanting something smooth and soothing.,Creamy Spinach Orzo,"ginger, onion, chicken breast, garlic, spinach, broth, carrot",Combine ingredients in a bowl and stir until evenly coated.,Smooth textures complement a calm state.
relaxed,Feeling calm and wanting something smooth and soothing.,Lavender Honey Tea Bowl,"honey, rice, garlic, milk, lemon, spices",Combine ingredients in a bowl and stir until evenly coated.,Smooth textures complement a calm state.
relaxed,Feeling calm and wanting something smooth and soothing.,Lavender Honey Tea Bowl,"olive oil, honey, quinoa, onion, rice, tomato, chicken breast",Mix everything in a pot and simmer until tender and aromatic.,Smooth textures complement a calm state.
relaxed,Feeling calm and wanting something smooth and soothing.,Soft Herb Bread Roll,"spinach, garlic, onion, honey",Blend all components until smooth and serve fresh.,Smooth textures complement a calm state.
relaxed,Feeling calm and wanting something smooth and soothing.,Coconut Smooth Soup,"quinoa, herbs, tomato, spices, rice, milk",Combine ingredients in a bowl and stir until evenly coated.,Smooth textures complement a calm state.
relaxed,Feeling calm and wanting something smooth and soothing.,Lavender Honey Tea Bowl,"olive oil, oats, milk, carrot, spices, spinach","Boil the base ingredient, add seasonings, and cook until done.",Smooth textures complement a calm state.
relaxed,Feeling calm and wanting something smooth and soothing.,Creamy Spinach Orzo,"honey, berries, ginger, milk, broth",Blend all components until smooth and serve fresh.,Smooth textures complement a calm state.
relaxed,Feeling calm and wanting something smooth and soothing.,Creamy Spinach Orzo,"chicken breast, milk, rice, tomato, lemon","Boil the base ingredient, add seasonings, and cook until done.",Smooth textures complement a calm state.
relaxed,Feeling calm and wanting something smooth and soothing.,Coconut Smooth Soup,"broth, oats, herbs, berries",Blend all components until smooth and serve fresh.,Smooth textures complement a calm state.
relaxed,Feeling calm and wanting something smooth and soothing.,Soft Herb Bread Roll,"garlic, oats, butter, lemon, herbs, spices, spinach",Blend all components until smooth and serve fresh.,Smooth textures complement a calm state.
relaxed,Feeling calm and wanting something smooth and soothing.,Coconut Smooth Soup,"berries, spinach, onion, herbs, broth, lemon, oats","Boil the base ingredient, add seasonings, and cook until done.",Smooth textures complement a calm state.
relaxed,Feeling calm and wanting something smooth and soothing.,Coconut Smooth Soup,"berries, herbs, lemon, rice, pasta","Chop ingredients, heat a pan, and cook until flavors blend well.",Smooth textures complement a calm state.
relaxed,Feeling calm and wanting something smooth and soothing.,Lavender Honey Tea Bowl,"lemon, olive oil, tomato, broth","Boil the base ingredient, add seasonings, and cook until done.",Smooth textures complement a calm state.
relaxed,Feeling calm and wanting something smooth and soothing.,Coconut Smooth Soup,"pasta, onion, tomato, carrot, chicken breast","Chop ingredients, heat a pan, and cook until flavors blend well.",Smooth textures complement a calm state.
relaxed,Feeling calm and wanting something smooth and soothing.,Coconut Smooth Soup,"broth, herbs, oats, ginger","Chop ingredients, heat a pan, and cook until flavors blend well.",Smooth textures complement a calm state.
relaxed,Feeling calm and wanting something smooth and soothing.,Creamy Spinach Orzo,"banana, oats, spinach, milk, lemon, quinoa",Blend all components until smooth and serve fresh.,Smooth textures complement a calm state.
relaxed,Feeling calm and wanting something smooth and soothing.,Lavender Honey Tea Bowl,"broth, quinoa, pasta, oats, herbs",Mix everything in a pot and simmer until tender and aromatic.,Smooth textures complement a calm state.
relaxed,Feeling calm and wanting something smooth and soothing.,Creamy Spinach Orzo,"garlic, banana, rice, milk, spinach, quinoa",Blend all components until smooth and serve fresh.,Smooth textures complement a calm state.
relaxed,Feeling calm and wanting something smooth and soothing.,Creamy Spinach Orzo,"herbs, ginger, olive oil, garlic","Chop ingredients, heat a pan, and cook until flavors blend well.",Smooth textures complement a calm state.
relaxed,Feeling calm and wanting something smooth and soothing.,Warm Vanilla Milk Mix,"banana, rice, onion, oats, garlic, honey, butter",Mix everything in a pot and simmer until tender and aromatic.,Smooth textures complement a calm state.
relaxed,Feeling calm and wanting something smooth and soothing.,Coconut Smooth Soup,"lemon, butter, oats, olive oil, honey, chicken breast",Combine ingredients in a bowl and stir until evenly coated.,Smooth textures complement a calm state.
relaxed,Feeling calm and wanting something smooth and soothing.,Warm Vanilla Milk Mix,"onion, garlic, honey, pasta, spices, tomato, quinoa",Combine ingredients in a bowl and stir until evenly coated.,Smooth textures complement a calm state.
relaxed,Feeling calm and wanting something smooth and soothing.,Warm Vanilla Milk Mix,"banana, honey, pasta, ginger, garlic","Boil the base ingredient, add seasonings, and cook until done.",Smooth textures complement a calm state.
relaxed,Feeling calm and wanting something smooth and soothing.,Coconut Smooth Soup,"berries, pasta, rice, honey",Mix everything in a pot and simmer until tender and aromatic.,Smooth textures complement a calm state.
relaxed,Feeling calm and wanting something smooth and soothing.,Coconut Smooth Soup,"garlic, butter, rice, tomato, olive oil, berries, lemon","Chop ingredients, heat a pan, and cook until flavors blend well.",Smooth textures complement a calm state.
relaxed,Feeling calm and wanting something smooth and soothing.,Soft Herb Bread Roll,"banana, garlic, spices, tomato",Blend all components until smooth and serve fresh.,Smooth textures complement a calm state.
relaxed,Feeling calm and wanting something smooth and soothing.,Lavender Honey Tea Bowl,"onion, butter, milk, tomato, spinach","Boil the base ingredient, add seasonings, and cook until done.",Smooth textures complement a calm state.
relaxed,Feeling calm and wanting something smooth and soothing.,Warm Vanilla Milk Mix,"lemon, spinach, olive oil, spices, chicken breast, herbs, milk",Blend all components until smooth and serve fresh.,Smooth textures complement a calm state.
relaxed,Feeling calm and wanting something smooth and soothing.,Soft Herb Bread Roll,"oats, pasta, honey, carrot",Mix everything in a pot and simmer until tender and aromatic.,Smooth textures complement a calm state.
relaxed,Feeling calm and wanting something smooth and soothing.,Creamy Spinach Orzo,"oats, banana, butter, spinach, olive oil, chicken breast, tomato",Blend all components until smooth and serve fresh.,Smooth textures complement a calm state.
relaxed,Feeling calm and wanting something smooth and soothing.,Soft Herb Bread Roll,"oats, onion, lemon, tomato",Blend all components until smooth and serve fresh.,Smooth textures complement a calm state.
anxious,"Feeling on edge and needing steady, gentle flavors.",Herb Honey Tea Bowl,"butter, rice, oats, berries",Blend all components until smooth and serve fresh.,Gentle flavors soothe the mind.
anxious,"Feeling on edge and needing steady, gentle flavors.",Soft Rice with Steamed Veg,"berries, lemon, milk, banana",Blend all components until smooth and serve fresh.,Gentle flavors soothe the mind.
anxious,"Feeling on edge and needing steady, gentle flavors.",Balanced Grain Bowl,"rice, broth, olive oil, pasta, onion",Mix everything in a pot and simmer until tender and aromatic.,Gentle flavors soothe the mind.
anxious,"Feeling on edge and needing steady, gentle flavors.",Steady Lemon Ginger Soup,"spinach, onion, rice, berries, garlic",Mix everything in a pot and simmer until tender and aromatic.,Gentle flavors soothe the mind.
anxious,"Feeling on edge and needing steady, gentle flavors.",Balanced Grain Bowl,"onion, banana, oats, olive oil","Boil the base ingredient, add seasonings, and cook until done.",Gentle flavors soothe the mind.
anxious,"Feeling on edge and needing steady, gentle flavors.",Steady Lemon Ginger Soup,"quinoa, garlic, oats, berries","Boil the base ingredient, add seasonings, and cook until done.",Gentle flavors soothe the mind.
anxious,"Feeling on edge and needing steady, gentle flavors.",Soft Rice with Steamed Veg,"oats, butter, tomato, lemon, honey, onion, chicken breast",Combine ingredients in a bowl and stir until evenly coated.,Gentle flavors soothe the mind.
anxious,"Feeling on edge and needing steady, gentle flavors.",Mild Chicken Broth Plate,"chicken breast, carrot, banana, ginger, oats, honey",Combine ingredients in a bowl and stir until evenly coated.,Gentle flavors soothe the mind.
anxious,"Feeling on edge and needing steady, gentle flavors.",Steady Lemon Ginger Soup,"broth, onion, carrot, spinach, rice, olive oil, pasta",Blend all components until smooth and serve fresh.,Gentle flavors soothe the mind.
anxious,"Feeling on edge and needing steady, gentle flavors.",Herb Honey Tea Bowl,"tomato, ginger, oats, honey",Blend all components until smooth and serve fresh.,Gentle flavors soothe the mind.
anxious,"Feeling on edge and needing steady, gentle flavors.",Steady Lemon Ginger Soup,"banana, spinach, onion, milk, olive oil, spices","Chop ingredients, heat a pan, and cook until flavors blend well.",Gentle flavors soothe the mind.
anxious,"Feeling on edge and needing steady, gentle flavors.",Soft Rice with Steamed Veg,"honey, banana, oats, lemon, broth, garlic, butter","Chop ingredients, heat a pan, and cook until flavors blend well.",Gentle flavors soothe the mind.
anxious,"Feeling on edge and needing steady, gentle flavors.",Herb Honey Tea Bowl,"spinach, garlic, onion, tomato",Blend all components until smooth and serve fresh.,Gentle flavors soothe the mind.
anxious,"Feeling on edge and needing steady, gentle flavors.",Balanced Grain Bowl,"spinach, oats, olive oil, chicken breast, butter, tomato, banana",Blend all components until smooth and serve fresh.,Gentle flavors soothe the mind.
anxious,"Feeling on edge and needing steady, gentle flavors.",Balanced Grain Bowl,"tomato, carrot, herbs, onion, quinoa, milk",Combine ingredients in a bowl and stir until evenly coated.,Gentle flavors soothe the mind.
anxious,"Feeling on edge and needing steady, gentle flavors.",Herb Honey Tea Bowl,"lemon, herbs, carrot, onion",Mix everything in a pot and simmer until tender and aromatic.,Gentle flavors soothe the mind.
anxious,"Feeling on edge and needing steady, gentle flavors.",Steady Lemon Ginger Soup,"berries, herbs, butter, milk, olive oil, chicken breast, oats","Chop ingredients, heat a pan, and cook until flavors blend well.",Gentle flavors soothe the mind.
anxious,"Feeling on edge and needing steady, gentle flavors.",Mild Chicken Broth Plate,"broth, chicken breast, spinach, lemon",Blend all components until smooth and serve fresh.,Gentle flavors soothe the mind.
anxious,"Feeling on edge and needing steady, gentle flavors.",Herb Honey Tea Bowl,"banana, spices, quinoa, pasta, garlic, milk",Blend all components until smooth and serve fresh.,Gentle flavors soothe the mind.
anxious,"Feeling on edge and needing steady, gentle flavors.",Balanced Grain Bowl,"banana, oats, onion, garlic","Boil the base ingredient, add seasonings, and cook until done.",Gentle flavors soothe the mind.
anxious,"Feeling on edge and needing steady, gentle flavors.",Steady Lemon Ginger Soup,"berries, onion, broth, spices, chicken breast, olive oil, banana","Chop ingredients, heat a pan, and cook until flavors blend well.",Gentle flavors soothe the mind.
anxious,"Feeling on edge and needing steady, gentle flavors.",Herb Honey Tea Bowl,"honey, garlic, broth, onion, olive oil",Combine ingredients in a bowl and stir until evenly coated.,Gentle flavors soothe the mind.
anxious,"Feeling on edge and needing steady, gentle flavors.",Steady Lemon Ginger Soup,"spinach, broth, quinoa, banana, tomato","Chop ingredients, heat a pan, and cook until flavors blend well.",Gentle flavors soothe the mind.
anxious,"Feeling on edge and needing steady, gentle flavors.",Steady Lemon Ginger Soup,"broth, tomato, lemon, olive oil, quinoa",Combine ingredients in a bowl and stir until evenly coated.,Gentle flavors soothe the mind.
anxious,"Feeling on edge and needing steady, gentle flavors.",Balanced Grain Bowl,"butter, spinach, lemon, oats, broth",Blend all components until smooth and serve fresh.,Gentle flavors soothe the mind.
anxious,"Feeling on edge and needing steady, gentle flavors.",Herb Honey Tea Bowl,"carrot, broth, honey, banana, berries, chicken breast","Boil the base ingredient, add seasonings, and cook until done.",Gentle flavors soothe the mind.
anxious,"Feeling on edge and needing steady, gentle flavors.",Balanced Grain Bowl,"onion, spices, banana, berries, rice, olive oil",Mix everything in a pot and simmer until tender and aromatic.,Gentle flavors soothe the mind.
anxious,"Feeling on edge and needing steady, gentle flavors.",Balanced Grain Bowl,"broth, milk, banana, rice, carrot, lemon, honey","Chop ingredients, heat a pan, and cook until flavors blend well.",Gentle flavors soothe the mind.
anxious,"Feeling on edge and needing steady, gentle flavors.",Steady Lemon Ginger Soup,"spices, olive oil, lemon, carrot, onion, milk, spinach",Blend all components until smooth and serve fresh.,Gentle flavors soothe the mind.
anxious,"Feeling on edge and needing steady, gentle flavors.",Herb Honey Tea Bowl,"honey, chicken breast, ginger, herbs, tomato",Blend all components until smooth and serve fresh.,Gentle flavors soothe the mind.
anxious,"Feeling on edge and needing steady, gentle flavors.",Mild Chicken Broth Plate,"broth, banana, oats, chicken breast, butter, spices, berries","Chop ingredients, heat a pan, and cook until flavors blend well.",Gentle flavors soothe the mind.
anxious,"Feeling on edge and needing steady, gentle flavors.",Balanced Grain Bowl,"spinach, pasta, butter, rice, garlic, milk, berries",Blend all components until smooth and serve fresh.,Gentle flavors soothe the mind.
anxious,"Feeling on edge and needing steady, gentle flavors.",Soft Rice with Steamed Veg,"spinach, honey, olive oil, onion, tomato, carrot","Chop ingredients, heat a pan, and cook until flavors blend well.",Gentle flavors soothe the mind.
anxious,"Feeling on edge and needing steady, gentle flavors.",Balanced Grain Bowl,"berries, herbs, garlic, carrot, spinach",Blend all components until smooth and serve fresh.,Gentle flavors soothe the mind.
anxious,"Feeling on edge and needing steady, gentle flavors.",Steady Lemon Ginger Soup,"oats, milk, lemon, tomato","Chop ingredients, heat a pan, and cook until flavors blend well.",Gentle flavors soothe the mind.
anxious,"Feeling on edge and needing steady, gentle flavors.",Steady Lemon Ginger Soup,"quinoa, herbs, spinach, butter",Combine ingredients in a bowl and stir until evenly coated.,Gentle flavors soothe the mind.
anxious,"Feeling on edge and needing steady, gentle flavors.",Balanced Grain Bowl,"banana, milk, broth, lemon, herbs, tomato, garlic",Mix everything in a pot and simmer until tender and aromatic.,Gentle flavors soothe the mind.
anxious,"Feeling on edge and needing steady, gentle flavors.",Steady Lemon Ginger Soup,"rice, broth, milk, oats, olive oil",Combine ingredients in a bowl and stir until evenly coated.,Gentle flavors soothe the mind.
anxious,"Feeling on edge and needing steady, gentle flavors.",Steady Lemon Ginger Soup,"butter, quinoa, carrot, lemon, ginger","Chop ingredients, heat a pan, and cook until flavors blend well.",Gentle flavors soothe the mind.
anxious,"Feeling on edge and needing steady, gentle flavors.",Steady Lemon Ginger Soup,"broth, pasta, garlic, herbs, spices",Blend all components until smooth and serve fresh.,Gentle flavors soothe the mind.
comfort-seeking,Craving emotional warmth and nostalgia.,Soft Chocolate Mug Cake,"tomato, carrot, broth, butter, honey",Combine ingredients in a bowl and stir until evenly coated.,Rich meals offer immediate emotional comfort.
comfort-seeking,Craving emotional warmth and nostalgia.,Creamy Mac & Cheese,"chicken breast, garlic, broth, olive oil, honey","Boil the base ingredient, add seasonings, and cook until done.",Rich meals offer immediate emotional comfort.
comfort-seeking,Craving emotional warmth and nostalgia.,Warm Caramel Oats,"honey, pasta, onion, chicken breast, garlic, rice, olive oil","Chop ingredients, heat a pan, and cook until flavors blend well.",Rich meals offer immediate emotional comfort.
comfort-seeking,Craving emotional warmth and nostalgia.,Soft Chocolate Mug Cake,"ginger, carrot, olive oil, spices, herbs, broth, milk",Mix everything in a pot and simmer until tender and aromatic.,Rich meals offer immediate emotional comfort.
comfort-seeking,Craving emotional warmth and nostalgia.,Buttery Garlic Bread Stack,"lemon, butter, chicken breast, spices, olive oil, broth, rice","Chop ingredients, heat a pan, and cook until flavors blend well.",Rich meals offer immediate emotional comfort.
comfort-seeking,Craving emotional warmth and nostalgia.,Soft Chocolate Mug Cake,"onion, broth, garlic, pasta",Combine ingredients in a bowl and stir until evenly coated.,Rich meals offer immediate emotional comfort.
comfort-seeking,Craving emotional warmth and nostalgia.,Warm Caramel Oats,"honey, chicken breast, berries, garlic, spinach","Chop ingredients, heat a pan, and cook until flavors blend well.",Rich meals offer immediate emotional comfort.
comfort-seeking,Craving emotional warmth and nostalgia.,Warm Caramel Oats,"rice, spices, ginger, pasta, olive oil, oats, broth",Mix everything in a pot and simmer until tender and aromatic.,Rich meals offer immediate emotional comfort.
comfort-seeking,Craving emotional warmth and nostalgia.,Creamy Mac & Cheese,"onion, milk, tomato, rice, quinoa, ginger, carrot",Combine ingredients in a bowl and stir until evenly coated.,Rich meals offer immediate emotional comfort.
comfort-seeking,Craving emotional warmth and nostalgia.,Warm Caramel Oats,"spinach, garlic, spices, broth, berries, herbs","Boil the base ingredient, add seasonings, and cook until done.",Rich meals offer immediate emotional comfort.
comfort-seeking,Craving emotional warmth and nostalgia.,Buttery Garlic Bread Stack,"honey, oats, rice, berries, spices, banana","Boil the base ingredient, add seasonings, and cook until done.",Rich meals offer immediate emotional comfort.
comfort-seeking,Craving emotional warmth and nostalgia.,Soft Chocolate Mug Cake,"honey, garlic, onion, rice, carrot",Combine ingredients in a bowl and stir until evenly coated.,Rich meals offer immediate emotional comfort.
comfort-seeking,Craving emotional warmth and nostalgia.,Homestyle Chicken Bake,"chicken breast, honey, olive oil, onion, butter",Blend all components until smooth and serve fresh.,Rich meals offer immediate emotional comfort.
comfort-seeking,Craving emotional warmth and nostalgia.,Homestyle Chicken Bake,"carrot, butter, oats, herbs, chicken breast",Blend all components until smooth and serve fresh.,Rich meals offer immediate emotional comfort.
comfort-seeking,Craving emotional warmth and nostalgia.,Soft Chocolate Mug Cake,"spices, milk, olive oil, berries, carrot, ginger","Boil the base ingredient, add seasonings, and cook until done.",Rich meals offer immediate emotional comfort.
comfort-seeking,Craving emotional warmth and nostalgia.,Creamy Mac & Cheese,"pasta, carrot, onion, oats, olive oil, banana","Chop ingredients, heat a pan, and cook until flavors blend well.",Rich meals offer immediate emotional comfort.
comfort-seeking,Craving emotional warmth and nostalgia.,Soft Chocolate Mug Cake,"oats, spices, honey, tomato, lemon, milk","Chop ingredients, heat a pan, and cook until flavors blend well.",Rich meals offer immediate emotional comfort.
comfort-seeking,Craving emotional warmth and nostalgia.,Buttery Garlic Bread Stack,"butter, honey, tomato, onion, ginger, chicken breast",Blend all components until smooth and serve fresh.,Rich meals offer immediate emotional comfort.
comfort-seeking,Craving emotional warmth and nostalgia.,Soft Chocolate Mug Cake,"olive oil, berries, chicken breast, garlic, pasta, butter, honey",Blend all components until smooth and serve fresh.,Rich meals offer immediate emotional comfort.
comfort-seeking,Craving emotional warmth and nostalgia.,Warm Caramel Oats,"spices, garlic, banana, lemon, butter",Mix everything in a pot and simmer until tender and aromatic.,Rich meals offer immediate emotional comfort.
comfort-seeking,Craving emotional warmth and nostalgia.,Warm Caramel Oats,"spinach, onion, banana, butter",Mix everything in a pot and simmer until tender and aromatic.,Rich meals offer immediate emotional comfort.
comfort-seeking,Craving emotional warmth and nostalgia.,Homestyle Chicken Bake,"onion, butter, milk, pasta, ginger, garlic, oats",Mix everything in a pot and simmer until tender and aromatic.,Rich meals offer immediate emotional comfort.
comfort-seeking,Craving emotional warmth and nostalgia.,Buttery Garlic Bread Stack,"herbs, garlic, oats, tomato",Blend all components until smooth and serve fresh.,Rich meals offer immediate emotional comfort.
comfort-seeking,Craving emotional warmth and nostalgia.,Homestyle Chicken Bake,"banana, honey, berries, oats, carrot, spinach, olive oil","Boil the base ingredient, add seasonings, and cook until done.",Rich meals offer immediate emotional comfort.
comfort-seeking,Craving emotional warmth and nostalgia.,Buttery Garlic Bread Stack,"butter, rice, broth, quinoa, chicken breast, olive oil, berries",Blend all components until smooth and serve fresh.,Rich meals offer immediate emotional comfort.
comfort-seeking,Craving emotional warmth and nostalgia.,Soft Chocolate Mug Cake,"banana, honey, spices, lemon, onion, tomato, chicken breast","Chop ingredients, heat a pan, and cook until flavors blend well.",Rich meals offer immediate emotional comfort.
comfort-seeking,Craving emotional warmth and nostalgia.,Creamy Mac & Cheese,"olive oil, berries, ginger, spices","Chop ingredients, heat a pan, and cook until flavors blend well.",Rich meals offer immediate emotional comfort.
comfort-seeking,Craving emotional warmth and nostalgia.,Buttery Garlic Bread Stack,"ginger, broth, milk, spices",Blend all components until smooth and serve fresh.,Rich meals offer immediate emotional comfort.
comfort-seeking,Craving emotional warmth and nostalgia.,Buttery Garlic Bread Stack,"lemon, oats, broth, onion, quinoa",Blend all components until smooth and serve fresh.,Rich meals offer immediate emotional comfort.
comfort-seeking,Craving emotional warmth and nostalgia.,Creamy Mac & Cheese,"quinoa, honey, herbs, tomato",Mix everything in a pot and simmer until tender and aromatic.,Rich meals offer immediate emotional comfort.
comfort-seeking,Craving emotional warmth and nostalgia.,Soft Chocolate Mug Cake,"butter, lemon, berries, spices",Combine ingredients in a bowl and stir until evenly coated.,Rich meals offer immediate emotional comfort.
comfort-seeking,Craving emotional warmth and nostalgia.,Homestyle Chicken Bake,"rice, herbs, spices, honey, quinoa, broth","Chop ingredients, heat a pan, and cook until flavors blend well.",Rich meals offer immediate emotional comfort.
comfort-seeking,Craving emotional warmth and nostalgia.,Creamy Mac & Cheese,"broth, lemon, banana, onion","Boil the base ingredient, add seasonings, and cook until done.",Rich meals offer immediate emotional comfort.
comfort-seeking,Craving emotional warmth and nostalgia.,Creamy Mac & Cheese,"rice, quinoa, garlic, onion, pasta, butter","Boil the base ingredient, add seasonings, and cook until done.",Rich meals offer immediate emotional comfort.
comfort-seeking,Craving emotional warmth and nostalgia.,Soft Chocolate Mug Cake,"rice, honey, broth, butter, banana, carrot, onion","Boil the base ingredient, add seasonings, and cook until done.",Rich meals offer immediate emotional comfort.
comfort-seeking,Craving emotional warmth and nostalgia.,Creamy Mac & Cheese,"berries, broth, pasta, lemon",Combine ingredients in a bowl and stir until evenly coated.,Rich meals offer immediate emotional comfort.
comfort-seeking,Craving emotional warmth and nostalgia.,Warm Caramel Oats,"garlic, herbs, banana, rice",Combine ingredients in a bowl and stir until evenly coated.,Rich meals offer immediate emotional comfort.
comfort-seeking,Craving emotional warmth and nostalgia.,Warm Caramel Oats,"oats, onion, spinach, lemon, pasta, butter, spices",Mix everything in a pot and simmer until tender and aromatic.,Rich meals offer immediate emotional comfort.
comfort-seeking,Craving emotional warmth and nostalgia.,Homestyle Chicken Bake,"banana, milk, honey, herbs","Boil the base ingredient, add seasonings, and cook until done.",Rich meals offer immediate emotional comfort.
comfort-seeking,Craving emotional warmth and nostalgia.,Homestyle Chicken Bake,"quinoa, carrot, banana, berries, pasta, butter","Chop ingredients, heat a pan, and cook until flavors blend well.",Rich meals offer immediate emotional comfort.
